URL,Carbohydrates,Sugar,Sodium,Violation
https://t3.ftcdn.net/jpg/01/96/14/08/360_F_196140867_fyw8rYdh2q3dEZb5POmk21fPLBJ3Mkhs.jpg,0.834,0.144,0.45,0
https://media.istockphoto.com/id/1128248556/photo/chips-on-white.jpg?s=612x612&w=0&k=20&c=f2zT8opV1JCUoNIE48czcNjNE9_0QTo0JB8skBO2-k0=,0.88,0.305,0.43,1
https://www.justataste.com/wp-content/uploads/2011/05/bbq-potato-chips-recipe-2022.jpg,0.8022,0.5968,0.3998,1
https://www.lifesatomato.com/wp-content/uploads/2023/04/Quick-Fix-Barbecue-Potato-Chips-500x375.jpg,0.8433,0.5005,0.4389,1
https://www.tastingtable.com/img/gallery/the-sour-cream-and-onion-chips-to-avoid-at-the-grocery-store/intro-1736802699.jpg,0.798,0.287,0.402,0
https://thisishowicook.com/wp-content/uploads/2016/02/onion-dip-5-of-7-762x1024.jpg.webp,0.778,0.4984,0.567,1
https://popchips.com/cdn/shop/articles/06_June_SCO_5-oz_photo_Sour-Cream-and-Onion-Dip_1600x.jpg?v=1659546597,0.8024,0.40028,0.634,1
"https://assets.bonappetit.com/photos/5c62e4a3e81bbf522a9579ce/16:9/w_4000,h_2250,c_limit/milk-bread.jpg",0.902,0.5001,0.1349,1
https://cheflindseyfarr.com/wp-content/uploads/2013/04/old-fashioned-raisin-bread-featured.jpg,0.94,0.423,0.12,0
https://www.simplyrecipes.com/thmb/2vpfmGSW-dHiej9BFTeEzGPG7fY=/1500x0/filters:no_upscale():max_bytes(150000):strip_icc()/Simply-Recipes-Brioche-Cinnamon-Raisin-Loaf-LEAD-05-08765d740cba48bfbabe5cc50608f3c1.jpg,0.89,0.689,0.1452,1
https://www.allrecipes.com/thmb/VxNNFRBxh5G9osvtKw9J6T5PKsw=/1500x0/filters:no_upscale():max_bytes(150000):strip_icc()/9175447-d4cafe297e4746bfbe97e485ee057a0e.jpg,0.854,0.899,0.453,1
https://media.istockphoto.com/id/1207748377/photo/fresh-homemade-cinnamon-rolls-or-cinnamon-buns.jpg?s=612x612&w=0&k=20&c=6EuzyJLCx9HOTJFsTwVt7uT5aMJGQ97soxePfmKYNBk=,0.89122,0.913,0.455,1
https://upload.wikimedia.org/wikipedia/commons/8/84/Multitud_de_churros.jpg,0.849,0.834,0.242,1
https://images.pexels.com/photos/372851/pexels-photo-372851.jpeg?cs=srgb&dl=pexels-pixabay-372851.jpg&fm=jpg,0.9,0.895,0.2001,1
https://images.squarespace-cdn.com/content/v1/533f584fe4b0f77e1bd2e4d1/8d9c7282-857f-4190-b36c-fea74fb399b6/unsplash-image-SU8kKq87vJE.jpg,0.34,0.8002,0.024,1
https://images.unsplash.com/photo-1512621776951-a57141f2eefd?fm=jpg&q=60&w=3000&ixlib=rb-4.0.3&ixid=M3wxMjA3fDB8MHxzZWFyY2h8Mnx8c2FsYWR8ZW58MHx8MHx8fDA%3D,0.2003,0.211,0.014,0
https://www.foodandwine.com/thmb/IuZPWAXBp4YaT9hn1YLHhuijT3k=/1500x0/filters:no_upscale():max_bytes(150000):strip_icc()/FAW-recipes-big-italian-salad-hero-83e6ea846722478f8feb1eea33158b00.jpg,0.213,0.18,0.013,0
https://www.kitchensanctuary.com/wp-content/uploads/2021/06/Simple-Green-Salad-with-Vinaigrette-Square-FS-3241.jpg,0.101,0.098,0.1,0
https://upload.wikimedia.org/wikipedia/commons/thumb/9/94/Salad_platter.jpg/800px-Salad_platter.jpg,0.4,0.389,0.26,0
https://images.pexels.com/photos/1213710/pexels-photo-1213710.jpeg?cs=srgb&dl=pexels-dana-tentis-118658-1213710.jpg&fm=jpg,0.299,0.16,0,0
https://www.thespruceeats.com/thmb/DRaBINVopeoHOpjJn66Yh7pMBSc=/1500x0/filters:no_upscale():max_bytes(150000):strip_icc()/classic-caesar-salad-recipe-996054-Hero_01-33c94cc8b8e841ee8f2a815816a0af95.jpg,0.32,0.199,0.15,0
https://t3.ftcdn.net/jpg/02/97/13/58/360_F_297135896_Y9HQ2k7WRIWj55l7LMSB6zQBh3KJ7aBV.jpg,0.023,0.159,0.001,0
https://images.pexels.com/photos/1362534/pexels-photo-1362534.jpeg?cs=srgb&dl=pexels-teejay-1362534.jpg&fm=jpg,0.673,0.924,0.2648,1
https://media.istockphoto.com/id/685816670/photo/variety-of-ice-cream-cones.jpg?s=612x612&w=0&k=20&c=I2BkvccjpB6nkLnWxY6AGh0RAonuPMwHk-rsBhK18IQ=,0.721,0.899,0.2045,1
https://www.foodandwine.com/thmb/QnTrAIt3aY1g4ToQEk-jULmKMsQ=/1500x0/filters:no_upscale():max_bytes(150000):strip_icc()/vanilla-ice-cream-FT-RECIPE0324-cebca493f53c4431a0049ea65bfb4796.jpg,0.5698,0.8546,0.211,1
https://images.pexels.com/photos/3631/summer-dessert-sweet-ice-cream.jpg?cs=srgb&dl=pexels-jeshoots-3631.jpg&fm=jpg,0.6135,0.8953,0.1999,1
https://upload.wikimedia.org/wikipedia/commons/5/5b/Waffles_with_Strawberries.jpg,0.7643,0.4867,0.801,1
https://media.istockphoto.com/id/185266029/photo/waffles-with-fruit-and-maple-syrup-on-a-marble-counter.jpg?s=612x612&w=0&k=20&c=YkBBzuSLisdHiECgS_NHN6gOyOMN6exADFk-RIlfKtI=,0.707,0.5768,0.799,1
https://www.kyleecooks.com/wp-content/uploads/2020/08/Brownie-Waffles-35.jpg,0.801,0.89,0.8,1
https://media.istockphoto.com/id/1354019552/photo/three-crispy-fried-french-waffles-isolated-on-white.jpg?s=612x612&w=0&k=20&c=vP4uGvkCH9oK0v6XKsAfYnJtQDueSY_xHDmW_o1dDLs=,0.79,0.439,0.7038,1
https://media.istockphoto.com/id/539085530/photo/mini-chocolate-muffins.jpg?s=612x612&w=0&k=20&c=8novUhwQXssA3s5JBb5Duw-RgRtteaLWYO-d4aBDmQU=,0.775,0.7032,0.6456,1
https://sugargeekshow.com/wp-content/uploads/2019/10/chocolate-chip-muffins-featured.jpg,0.798,0.837,0.653,1
https://image.shutterstock.com/image-photo/closeup-front-view-chocolate-muffin-260nw-2484365803.jpg,0.834,0.9182,0.569,1
https://nourishedbynic.com/wp-content/uploads/2022/12/DSC_0531.jpg,0.8454,0.8999,0.657,1
https://olivesnthyme.com/wp-content/uploads/2023/12/Gingerbread-Muffins-20.jpg,0.8443,0.6425,0.601,1
https://media.istockphoto.com/id/184927564/photo/close-up-of-red-royal-gala-apples.jpg?s=612x612&w=0&k=20&c=b8jFN8AAtNlYDPEVVccDjDxvofsI9m_q--mzMUBy8Zo=,0.4255,0.5563,0,0
https://media.istockphoto.com/id/1365099869/photo/six-apples.jpg?s=612x612&w=0&k=20&c=Kx9jNvEET5ERr7oHNFMxroTc54K1Ngk7R1BW9ICX2PU=,0.455,0.504,0,0
https://cdn.pixabay.com/photo/2017/09/26/13/21/apples-2788599_1280.jpg,0.498,0.5,0,0
https://upload.wikimedia.org/wikipedia/commons/thumb/7/74/Big_red_apple.jpg/1280px-Big_red_apple.jpg,0.39,0.501,0,0
https://upload.wikimedia.org/wikipedia/commons/thumb/4/4c/Bananas.jpg/1200px-Bananas.jpg,0.625,0.688,0.231,0
https://cdn.pixabay.com/photo/2016/09/03/20/48/bananas-1642706_1280.jpg,0.678,0.6885,0.1658,0
https://cdn.pixabay.com/photo/2024/04/25/06/50/banana-8719086_1280.jpg,0.5002,0.478,0.134,0
https://t4.ftcdn.net/jpg/00/60/08/87/360_F_60088763_3CVRHjk4Mn75y6kraCsSqNKEZkuf9032.jpg,0.782,0.879,0.42,1
https://t3.ftcdn.net/jpg/01/17/63/86/360_F_117638633_8kSHFf4GMxaQgxiAsZ7BcrDy7Nv3Z0vX.jpg,0.8,0.753,0.365,1
https://upload.wikimedia.org/wikipedia/commons/5/56/Cereal-Fruity-Pebbles.jpg,0.79,0.9014,0.449,1
https://t3.ftcdn.net/jpg/01/37/02/80/360_F_137028024_qMIRL8owwZZxWTlhr0GE5oJCz59qqDBW.jpg,0.96,0.987,0.56,1
https://plus.unsplash.com/premium_photo-1664007711033-c7ad6a9d0940?fm=jpg&q=60&w=3000&ixlib=rb-4.0.3&ixid=M3wxMjA3fDB8MHxzZWFyY2h8MXx8ZnJ1aXQlMjBib3dsfGVufDB8fDB8fHww,0.424,0.735,0.325,0
https://media.istockphoto.com/id/1398154625/photo/bowl-of-fruit-salad.jpg?s=612x612&w=0&k=20&c=GLGZx7U1oEAzmZ3e775fzDl7f1dXM0wq0ZQDMVNoR4Y=,0.325,0.71,0.3018,0
https://t4.ftcdn.net/jpg/03/06/59/83/360_F_306598353_H3xhBGWjWo2k4MyKZN3daewpOYrUnjTv.jpg,0.399,0.6784,0.267,0
https://media.istockphoto.com/id/154934887/photo/fruit-cup.jpg?s=612x612&w=0&k=20&c=flyzCSO0KpZa1Tk3j7d-64E9MrKnzNcx7jxEJ02iT-I=,0.3008,0.6112,0.1858,0
https://leaf.nutrisystem.com/wp-content/uploads/2017/04/fruit-cups-healthy-food-facts.jpg,0.29,0.6005,0.2,0
https://t3.ftcdn.net/jpg/03/00/59/16/360_F_300591692_sE2Zpz9hoU0H1Klz0JzRw1F74HO7vWne.jpg,0.187,0.599,0.1,0
https://images.unsplash.com/photo-1438274754346-45322cac87e4?fm=jpg&q=60&w=3000&ixlib=rb-4.0.3&ixid=M3wxMjA3fDB8MHxzZWFyY2h8Mnx8cGVhY2hlc3xlbnwwfHwwfHx8MA%3D%3D,0.14,0.541,0.014,0
https://cdn.pixabay.com/photo/2018/03/16/14/51/peaches-3231448_1280.jpg,0.198,0.633,0.142,0
https://media.istockphoto.com/id/697918204/photo/pink-cotton-candy.jpg?s=612x612&w=0&k=20&c=HD7GVrUedsQVjnImu1_ZvauQYLnLJO47fyDrbb7PuS0=,0.342,0.887,0.214,1
https://t4.ftcdn.net/jpg/01/99/35/73/360_F_199357390_BRATVotlH081SrEUTnhXN37pWx7IOETP.jpg,0.401,0.852,0.206,1
https://media.istockphoto.com/id/108536905/photo/large-group-of-jelly-beans-in-assorted-colors.jpg?s=612x612&w=0&k=20&c=n3O_FihoHOXYIXCq8lMbVi6n-uBu-cN_5h3_pIdd150=,0.32,0.888,0.14,1
https://www.arcadesnacks.com/wp-content/uploads/2014/08/BulkGreenbeans.jpg.webp,0.3015,0.89,0.235,1
https://media.istockphoto.com/id/151933343/photo/jellybeans-in-a-jar.jpg?s=612x612&w=0&k=20&c=CH7x2AYy0BU8QlMIqnY1KjjdrmI41jB0Mxc3CKbACJY=,0.3,0.822,0.2,1
https://cdn11.bigcommerce.com/s-99si0d/products/6475/images/54387/Jelly_Bean__63223.1724312250.350.350.jpg?c=2,0.278,0.8985,0.234,1
https://media.istockphoto.com/id/182035936/photo/fresh-beans.jpg?s=612x612&w=0&k=20&c=BCPwV719N6jAAiEQgucyVUdNIsDvECS4-sOy0Dbsrbw=,0.121,0.12,0.2,0
https://www.seriouseats.com/thmb/t6uXbRv8uCKGRqu1TTurvTt5-Ag=/1500x0/filters:no_upscale():max_bytes(150000):strip_icc()/__opt__aboutcom__coeus__resources__content_migration__serious_eats__seriouseats.com__images__2014__04__20140414-pile-of-beans-primary-3b53d3701ae04544aa87265a9098493f.jpg,0.24,0.165,0.4345,0
https://encrypted-tbn0.gstatic.com/images?q=tbn:ANd9GcTm7jtY0laJsyFBwu-VS_by7ougy2n0PY_U8A&s,0.19,0.144,0.243,0
https://a.rgbimg.com/users/c/ca/canoncan/600/n31ZZxM.jpg,0.176,0.233,0.598,0
https://media.istockphoto.com/id/1412931086/photo/fresh-green-bean-pods-texture-close-up-top-view.jpg?s=612x612&w=0&k=20&c=59qXWquEIFyaUc4AxvPcBzIIwtG823L8cuej7lDwHZE=,0.1549,0.0148,0.068,0
https://t4.ftcdn.net/jpg/05/10/21/03/360_F_510210336_r78puxRCjOFoHm26O5bfJn72yFUkZhck.jpg,0.2,0.111,0.524,0
https://images.pexels.com/photos/255469/pexels-photo-255469.jpeg?cs=srgb&dl=pexels-pixabay-255469.jpg&fm=jpg,0.1,0,0.11,0
https://snaped.fns.usda.gov/sites/default/files/styles/crop_ratio_7_5/public/seasonal-produce/2018-05/peas.jpg.webp?itok=TsKKGtXR,0.133,0.01,0.004,0
https://www.publicdomainpictures.net/pictures/110000/nahled/lollipop.jpg,0.211,0.901,0.13,1
https://media.istockphoto.com/id/167593944/vector/lollipops.jpg?s=612x612&w=0&k=20&c=BTbgZF3rGQxR4p_5WSuuLZCdZHcfRODQeLczwWUWNJA=,0.1442,0.8453,0.108,1
https://cdn.4imprint.com/prod/extras/100192/329359/700/1.jpg,0.165,0.89,0.1098,1
https://allcitycandy.com/cdn/shop/products/all-city-candy-tootsie-pops-wild-berry-flavors-100-piece-case-bulk-unwrapped-tootsie-roll-industries-507160_600x.jpg?v=1673283425,0.23,0.8956,0.155,1
https://upload.wikimedia.org/wikipedia/commons/c/c3/State_Fair_of_Virginia_-_Tootsie_Pop.jpg,0.3,0.912,0.228,1
https://media.istockphoto.com/id/1388403435/photo/fresh-carrots-isolated-on-white-background.jpg?s=612x612&w=0&k=20&c=XmrTb_nASc7d-4zVKUz0leeTT4fibDzWi_GpIun0Tlc=,0.11,0.459,0.105,0
https://upload.wikimedia.org/wikipedia/commons/f/f1/Fresh_orange_carrots.jpg,0.15,0.4076,0.102,0
https://media.istockphoto.com/id/185275579/photo/bundles-of-organic-carrots-with-the-stems-still-attached.jpg?s=612x612&w=0&k=20&c=OIdIDUtDF9jxpCFnZlb7ld5tOj8pDMol1XIcfsHFlEk=,0.058,0.4788,0.2,0
https://st.depositphotos.com/1066655/1288/i/450/depositphotos_12882161-stock-photo-donuts.jpg,0.873,0.9024,0.566,1
https://t4.ftcdn.net/jpg/00/55/33/95/360_F_55339517_X2HjkIkjCpWMiiS1RAM5zssjnkYpW20u.jpg,0.802,0.892,0.466,1
https://upload.wikimedia.org/wikipedia/commons/e/ed/Pink-Frosted-Donut.jpg,0.7992,0.89,0.59,1
https://media.istockphoto.com/id/496948842/photo/glazed-donuts.jpg?s=612x612&w=0&k=20&c=PKNGMEwTtrT57PgE8ROxKamzW3STVqtyuVAR-cWUBDQ=,0.8564,0.926,0.4512,1
https://www.sprinkleofthis.com/wp-content/uploads/2020/03/DSC_9390-2.jpg,0.8565,0.934,0.557,1
https://images.squarespace-cdn.com/content/v1/5a563c1cd55b41fd7759755f/1671904710126-A9EX9GGZOA1B8PL1EP6B/Dozen+Classics.JPG?format=1000w,0.9001,0.965,0.563,1
https://www.isabeleats.com/wp-content/uploads/2023/10/mexican-donuts-donas-small-7.jpg,0.877,0.88,0.55,1
https://thebigmansworld.com/wp-content/uploads/2024/12/powdered-donuts-recipe.jpg,0.87,0.981,0.612,1
https://media.istockphoto.com/id/119540472/photo/celery.jpg?s=612x612&w=0&k=20&c=T3VOc4yebVaT0cHuHTIaiWaTdQ_a8i3DIPt1rwtEpGY=,0.1,0.2,0,0
https://www.eatingwell.com/thmb/Rj3KWSVbngEGz2nORhX4U2jrAFM=/1500x0/filters:no_upscale():max_bytes(150000):strip_icc()/is-celery-good-for-you-heres-what-an-rd-says-1187b6f3415b4c03b37900ccc4378c13.jpg,0.0154,0.013,0,0
https://www.highmowingseeds.com/media/catalog/product/cache/95cbc1bb565f689da055dd93b41e1c28/2/3/2344-4.jpg,0.0033,0.002,0,0
https://media.istockphoto.com/id/585303220/photo/sprinkles.jpg?s=612x612&w=0&k=20&c=WOiT7UM38wLFUr6OV34O3uvN6e4_aoIAaypkgG_7ze0=,0.667,0.8993,0.678,1
https://www.tasteofhome.com/wp-content/uploads/2018/01/Yellow-Cupcakes_EXPS_BSFRTL23_41925_08_09_10b.jpg,0.6921,0.834,0.699,1
https://bonnibakery.com/wp-content/uploads/2024/03/Chocolate-Cupcakes_52-1.jpg,0.73,0.954,0.6732,1
https://assets-eu-01.kc-usercontent.com/559bb7d3-88a4-01c1-79a3-dd4d5b2d2bb0/2ebc1e34-9db0-4d4a-963f-092d7c8c8f49/Chocolate%20cupcake%20-%20mary%20berry.jpg,0.701,0.906,0.7,1
https://bonnibakery.com/wp-content/uploads/2021/01/redvelvetcupcakes-6-scaled-e1643905841263.jpg.webp,0.78,0.865,0.711,1
https://www.drink-milk.com/wp-content/uploads/2021/06/Red-Velvet-Cupcakes-Header-2.jpg,0.698,0.928,0.654,1
https://cakewhiz.com/wp-content/uploads/2019/04/Birthday-Cupcakes-With-Sprinkles-500x375.jpg,0.6013,0.847,0.559,1
https://upload.wikimedia.org/wikipedia/commons/4/41/Broccoli.jpg,0.101,0,0,0
https://media.istockphoto.com/id/172472662/photo/broccoli.jpg?s=612x612&w=0&k=20&c=hV5f_mkgWYbgMQO_wXTRTtMNeBFqtMdEhYIGcCXsAKQ=,0.2,0.001,0.01,0
https://www.rachelcooks.com/wp-content/uploads/2021/08/roasted-broccoli-web-5.jpg,0.01,0.1,0.1566,0
https://www.savorywithsoul.com/wp-content/uploads/2019/11/SauteedBroccoli-52.jpg,0.131,0.244,0.3,0
https://media.istockphoto.com/id/480931380/photo/bell-pepper.jpg?s=612x612&w=0&k=20&c=gzxuvBrlcGd9shtDT2rMyPoCQj9VzLv1SksaRSuNDCk=,0.14,0.11,0.016,0
https://cdn.pixabay.com/photo/2014/08/18/23/11/bell-peppers-421087_640.jpg,0.102,0.101,0.001,0
https://www.chilipeppermadness.com/wp-content/uploads/2024/02/Bell-Peppers1.jpg,0.1,0.002,0.0013,0
https://media.istockphoto.com/id/499146498/photo/red-onions.jpg?s=612x612&w=0&k=20&c=jOin68v1FekC7SqV4Tu55EZ9M3adkIyhKL8R-1qQI3I=,0.01,0,0.0057,0
https://resources.markon.com/sites/default/files/styles/large/public/pi_photos/Onions_Yellow_Hero.jpg,0.08,0.001,0.069,0
https://media.istockphoto.com/id/499146870/photo/red-onions.jpg?s=612x612&w=0&k=20&c=OaZUynAtxIJyPaSgAsAGWwAbpTs_EfKF5zT_UvBDpbY=,0.065,0.017,0.18,0
https://upload.wikimedia.org/wikipedia/commons/2/27/Onion_garden.jpg,0.3,0.21,0.14,0
https://www.allrecipes.com/thmb/Av_Ggny7VrcoK4ZvhcE-zdtnwY4=/1500x0/filters:no_upscale():max_bytes(150000):strip_icc()/best-onions-for-cooking-4x3-d946bb9883f54257b8c0ac45dfef2f17.jpg,0.29,0.06,0.112,0
https://www.seriouseats.com/thmb/Mykce8jNBk43y7fKyIjaPm2BB58=/1500x0/filters:no_upscale():max_bytes(150000):strip_icc()/__opt__aboutcom__coeus__resources__content_migration__serious_eats__seriouseats.com__recipes__images__2017__06__20170526-no-bake-cheesecake-vicky-wasik-18-89991c64ba544e19bc05c774c499438c.jpg,0.45,0.8005,0.896,1
https://www.marthastewart.com/thmb/m6R1D2iuHvVxM8u7RJz7c-Us8Rg=/1500x0/filters:no_upscale():max_bytes(150000):strip_icc()/MSL-865202-new-york-cheesecake-hero-horiz-0723-84e3c796119d408581d1ef4d02d801cd.jpg,0.51,0.911,0.893,1
https://www.seriouseats.com/thmb/deFCx8YVoK5b_rXrIco5oc2Qo4I=/1500x0/filters:no_upscale():max_bytes(150000):strip_icc()/__opt__aboutcom__coeus__resources__content_migration__serious_eats__seriouseats.com__2019__05__20190520-cheesecake-vicky-wasik-34-16488b3671ae47b5b29eb7124dbaf938.jpg,0.4998,0.853,0.8912,1
https://drivemehungry.com/wp-content/uploads/2022/07/strawberry-cheesecake-11.jpg,0.521,0.897,0.852,1
https://www.allrecipes.com/thmb/v8JZdIICA1oerzX0L-KzyW2w9hM=/1500x0/filters:no_upscale():max_bytes(150000):strip_icc()/8350-chantals-new-york-cheesecake-DDMFS-4x3-426569e82b4142a6a1ed01e068544245.jpg,0.499,0.7388,0.7121,1
https://mygluten-freekitchen.com/wp-content/uploads/2019/07/Gluten-free-Cheesecake-with-fresh-berries-480x360.jpg,0.5114,0.8004,0.7889,1
https://www.elmundoeats.com/wp-content/uploads/2024/06/A-portion-of-no-bake-strawberry-cheesecake.jpg,0.601,0.99,0.89,1
https://www.shutterstock.com/image-photo/decadent-strawberry-cheesecake-topped-vibrant-600nw-2486100037.jpg,0.6451,0.988,0.907,1
https://t4.ftcdn.net/jpg/02/97/35/93/360_F_297359303_TcVumdikGci1F7uhYEPnhfOe8FUt4JnO.jpg,0.001,0.487,0.001,0
https://upload.wikimedia.org/wikipedia/commons/6/67/Bunch_of_blueberries.jpg,0.00143,0.399,0.01,0
https://cdn.shopify.com/s/files/1/0767/4655/files/berries-3548239_1280_grande.jpg?v=1586376857,0,0.4,0,0
https://cdn.pixabay.com/photo/2022/05/09/16/34/blueberries-7184897_1280.jpg,0,0.501,0,0
https://i2.wp.com/www.downshiftology.com/wp-content/uploads/2019/03/Blueberry-Smoothie-main.jpg,0.1332,0.677,0.2058,0
https://www.foodandwine.com/thmb/Nqu--Mr3RdjyPj5TIB7h7JfYqNc=/1500x0/filters:no_upscale():max_bytes(150000):strip_icc()/201311-xl-very-blueberry-smoothie-2000-5b788cbd0bdc44c5b8452ef913417d50.jpg,0.1213,0.602,0.2011,0
https://thealmondeater.com/wp-content/uploads/2024/01/strawberry-blueberry-smoothie_web-6-500x500.jpg,0.101,0.6734,0.199,0
https://bromabakery.com/wp-content/uploads/2016/06/Coconut-Blueberry-Layered-Smoothie-628x879.jpg,0.306,0.702,0.19,1
https://thumbs.dreamstime.com/z/blueberry-smoothie-topping-whip-cream-sauce-41260787.jpg,0.4,0.76,0.2,1
https://fitfoodiefinds.com/wp-content/uploads/2024/05/Blueberry-Cheesecake-Protein-Shake-10.jpg,0.5457,0.733,0.31,1
https://media.istockphoto.com/id/499768984/photo/frappuccino-in-takeaway-cup.jpg?s=612x612&w=0&k=20&c=IZdRi11NDUoL7MV7PT_qjRmTqDQvcTwTbWXdk-QvVcI=,0.674,0.981,0.189,1
https://www.whiskaffair.com/wp-content/uploads/2020/08/Chocolate-Chip-Frappe-2-1.jpg,0.75,0.978,0.199,1
https://www.dessertfortwo.com/wp-content/uploads/2022/01/Chocolate-Chip-Frappuccino-5-720x540.jpg,0.732,0.908,0.1564,1
https://pamsdailydish.com/wp-content/uploads/2024/06/MOCHA-FRAPPUCCINO-TOP-.jpg,0.8,0.99,0.3,1
https://t4.ftcdn.net/jpg/00/82/75/51/360_F_82755187_ispxPOCGLG43ovhhliOxCThaZlkec1zA.jpg,0.001,0,0,0
https://upload.wikimedia.org/wikipedia/commons/9/97/L_Basil_1.jpg,0,0,0,0
https://upload.wikimedia.org/wikipedia/commons/thumb/4/4b/Kale-Bundle.jpg/2560px-Kale-Bundle.jpg,0.44,0,0.023,0
https://upload.wikimedia.org/wikipedia/commons/thumb/2/20/Boerenkool.jpg/1200px-Boerenkool.jpg,0.43,0,0.0199,0
https://hips.hearstapps.com/thepioneerwoman/wp-content/uploads/2013/06/9117373131_9117065577_z.jpg?resize=980:*,0.407,0,0.017,0
https://www.seriouseats.com/thmb/OKR9CtmpryXDtf-PWP6EjeaQU2M=/1500x0/filters:no_upscale():max_bytes(150000):strip_icc()/__opt__aboutcom__coeus__resources__content_migration__serious_eats__seriouseats.com__recipes__images__2015__11__20151122-fall-salad-food-lab-roasted-squash-kale-01-f5893f812ffa44139f2f4637c22621ba.jpg,0.6001,0.023,0.089,0
https://www.amandahaascooks.com/wp-content/uploads/2024/03/kale-squash-salad.jpg,0.598,0.054,0.022,0
https://media.istockphoto.com/id/494154858/photo/hot-homemade-corn-chowder.jpg?s=612x612&w=0&k=20&c=NuwffkneEU9yGgu_SnSZd45wPB_MeJO5YBGfg70x-L0=,0.5436,0.2003,0.476,0
https://t4.ftcdn.net/jpg/02/94/56/81/360_F_294568148_FgWf8lObnDBEApSPZ5SgrJfyfBCd2Dz7.jpg,0.599,0.437,0.643,1
https://t4.ftcdn.net/jpg/00/82/08/79/360_F_82087975_DG2YNlNAQfZySfsiQASz3PQyJXlpzqp3.jpg,0.324,0.1001,0.0032,0
https://www.seriouseats.com/thmb/Gi-6GV26JfSSlqhWSCNgOGL1bAc=/1500x0/filters:no_upscale():max_bytes(150000):strip_icc()/15-minute-creamy-tomato-soup-vegan-recipe-hero-01_1-19875e4289354e5c981c96189f707c62.JPG,0.5,0.4,0.67,0
https://www.spendwithpennies.com/wp-content/uploads/2018/08/4-SpendWithPennies-Fresh-tomato-soup-21-500x375.jpg,0.54,0.46,0.689,0
https://i2.wp.com/www.downshiftology.com/wp-content/uploads/2019/10/How-To-Make-Carrot-Ginger-Soup-6-600x400.jpg,0.476,0.254,0.33,0
https://littlespicejar.com/wp-content/uploads/2017/03/Spicy-Thai-Carrot-Soup-4.jpg,0.48,0.3,0.231,0
https://img.freepik.com/premium-photo/pyramid-brown-eggs-isolated-white_221436-209.jpg,0.012,0,0.25,0
https://upload.wikimedia.org/wikipedia/commons/f/f0/Fried_Egg_2.jpg,0.001,0,0.002,0
https://upload.wikimedia.org/wikipedia/commons/thumb/7/7b/Egg_upright.jpg/1077px-Egg_upright.jpg,0.001,0,0.01,0
https://www.allrecipes.com/thmb/VOeTuH5iNQP0YjHUaEkLgLKol3I=/1500x0/filters:no_upscale():max_bytes(150000):strip_icc()/AR-57459-oven-scrambled-eggs-DDMFS-4x3-step-Beauty-f31f2904bb3a4eee80ed3e135436cc77.jpg,0.478,0.335,0.61,0
https://www.onceuponachef.com/images/2017/10/How-To-Make-Hard-Boiled-Eggs.jpg,0.01,0,0.03,0
https://img.buzzfeed.com/video-api-prod/assets/d01c29346c144b58945b07cf5e2f5dfc/fb2.jpg,0,0,0.001,0
https://static01.nyt.com/images/2021/10/15/dining/aw-classic-deviled-eggs/aw-classic-deviled-eggs-googleFourByThree-v2.jpg,0.002,0.198,0.2,0
https://upload.wikimedia.org/wikipedia/commons/f/fb/Breakfast%21.jpg,0.61,0.5,0.4,1
https://t4.ftcdn.net/jpg/00/76/37/17/360_F_76371784_bn8z2AzfuKIAXZwZAZ5nZEPf1MTh29KU.jpg,0.734,0.61,0.4,1
https://images.pexels.com/photos/916925/pexels-photo-916925.jpeg?cs=srgb&dl=pexels-lisa-dol-307937-916925.jpg&fm=jpg,0.478,0.56,0.189,0
https://www.samaheats.com/wp-content/uploads/2023/12/Untitled-design-6-1-921x1024.jpg,0.62,0.21,0.3,0
https://images.squarespace-cdn.com/content/v1/583c507f414fb5aec8cd80cf/1495292935502-FIK9GOZSI1KOU5B9LWF4/Bacon-Caramel-3.jpg?format=2500w,0.801,0.699,0.314,1
https://joyfoodsunshine.com/wp-content/uploads/2018/05/best-easy-french-toast-recipe-4.jpg,0.894,0.883,0.2,1
https://www.thespruceeats.com/thmb/MDioJIXM7Yaw5ZtJhzhG5wiO05Y=/1500x0/filters:no_upscale():max_bytes(150000):strip_icc()/SES-basic-french-toast-3056820-hero-01-6ed70ff7901a4e64995d890b03946ac0.jpg,0.898,0.802,0.3,1
https://www.allrecipes.com/thmb/8NccFzsaq0_OZPDKmf7Yee-aG78=/1500x0/filters:no_upscale():max_bytes(150000):strip_icc()/AvocadoToastwithEggFranceC4x3-bb87e3bbf1944657b7db35f1383fabdb.jpg,0.56,0.201,0.3,0
https://www.thespruceeats.com/thmb/8hi4VrIESfX3-EoVU1COzNqBSOE=/1500x0/filters:no_upscale():max_bytes(150000):strip_icc()/avocado-toast-4174244-step-05-d484b61501874b8da10024cd8583b087.jpg,0.5,0.168,0.108,0
https://www.eatingwell.com/thmb/uVY_gqoovBnnh0ELyntL-vhKLIg=/1500x0/filters:no_upscale():max_bytes(150000):strip_icc()/EWL-267169-avocado-egg-toast-Hero-01-9385a3b6112b409b944e04d1cb6a9733.jpg,0.411,0.143,0.199,0
https://californiaavocado.com/wp-content/uploads/2020/07/avocado-fruit-berry.jpg,0.576,0.01,0,0
https://www.finedininglovers.com/sites/default/files/styles/1_1_768x768/public/2025-01/avocado_kelly_sikkema_ZLc9yTIFzNk_unsplash.jpg.webp?itok=kr8niezi,0.58,0.0024,0,0
https://www.marthastewart.com/thmb/DSwgS5lTMLxObfUmOi7iyZ9O-_E=/1500x0/filters:no_upscale():max_bytes(150000):strip_icc()/classic-guacamole-med107845_horiz-cf629b4080fc4c909b934eab160f6f03.jpg,0.577,0.23,0.101,0
https://www.gastronotherapy.com/wp-content/uploads/2023/03/L1160756-2-300x300.jpg,0.6,0.3002,0.15,0
https://t3.ftcdn.net/jpg/01/09/75/90/360_F_109759077_SVp62TBuHkSn3UsGW4dBOm9R0ALVetYw.jpg,0.77,0.1,0.214,0
https://guidingstars.com/wp-content/uploads/2011/01/Spaghetti-with-Turkey-Meat-Sauce_74126800126-scaled.jpg,0.722,0.103,0.2,0
https://www.sipandfeast.com/wp-content/uploads/2023/01/classic-chili-recipe-5.jpg,0.533,0.318,0.704,1
https://myrecipereviews.com/wp-content/uploads/2019/01/Chili4-480x360.jpg,0.57,0.3,0.8,1
https://www.allrecipes.com/thmb/raIA6eoOjQOvnZmeAfLLiRI5rfU=/0x512/filters:no_upscale():max_bytes(150000):strip_icc()/89993-award-winning-chili-con-carne-ddmfs-3x4-4e3a48f5505a4c998415c261507b0a76.jpg,0.5,0.284,0.813,1
https://cdn.prod.website-files.com/606d89c529efa05ebf5cb03f/608d36e71024a23a9ca35c3b_Chili-Recipe.jpg,0.85,0.672,0.699,1
https://www.kingsford.com/wp-content/uploads/2023/05/Bangladesh-Grilled-Chicken-165_cc1_00000000_desktop2x.jpg,0.1,0,0.34,0
https://www.cookingclassy.com/wp-content/uploads/2022/07/grilled-chicken-breast-4.jpg,0,0.001,0.4,0
https://www.allrecipes.com/thmb/UgUZpaTRGWIHEk57yWMhMEjffiY=/1500x0/filters:no_upscale():max_bytes(150000):strip_icc()/16160-juicy-grilled-chicken-breasts-ddmfs-5594-hero-3x4-902673c819994c0191442304b40104af.jpg,0,0,0.3221,0
https://easychickenrecipes.com/wp-content/uploads/2023/06/grilled-chicken-sandwich-1-of-6-edited.jpg,0.665,0.145,0.532,1
https://seasonedskilletblog.com/wp-content/uploads/2022/08/spicy-crispy-chicken-sandwich-07.jpg,0.623,0.401,0.55,1
https://howtofeedaloon.com/wp-content/uploads/2023/02/fried-chicken-sandwich-IG-500x375.jpg,0.602,0.4,0.57,1
https://popmenucloud.com/cdn-cgi/image/width%3D1200%2Cheight%3D1200%2Cfit%3Dscale-down%2Cformat%3Dauto%2Cquality%3D60/ksdbilug/1ad84108-07e3-4f44-95d0-1680e607c01a.jpg,0.768,0.46,0.902,1
https://upload.wikimedia.org/wikipedia/commons/8/83/French_Fries.JPG,0.78,0.2,0.83,1
https://www.thespruceeats.com/thmb/X_JGM04VusvkuGqTVan4QmBRqjI=/1500x0/filters:no_upscale():max_bytes(150000):strip_icc()/how-to-make-homemade-french-fries-2215971-hero-01-02f62a016f3e4aa4b41d0c27539885c3.jpg,0.8,0.521,0.786,1
https://nowtoronto.com/wp-content/uploads/2020/05/ECO-DIYketchup.jpg,0.245,0.602,0.893,1
https://leitesculinaria.com/wp-content/uploads/2024/05/homemade-yellow-mustard-1200.jpg,0.001,0,0.01245,0
https://potatorolls.com/wp-content/uploads/2020/10/Basic-Hot-Dogs-960x640.jpg,0.764,0.145,0.8231,1
https://culinaryginger.com/wp-content/uploads/Mexican-Style-Hot-Dogs-picture-11.jpg,0.8678,0.567,0.8,1
https://images.contentstack.io/v3/assets/bltcedd8dbd5891265b/blt1d9f73f16f713591/664cbd4cab1e07d1181a64f6/salmon-and-eggs-ethel-davis-daily-breakfast-rev.jpg,0,0,0.1647,0
https://cdn.foodfaithfitness.com/uploads/2023/07/A-Feature2_Marinated-Soy-Ginger-Salmon.jpg,0,0,0.001,0
https://www.seriouseats.com/thmb/swf3HOifU6XPg29tOgWUAj66D_4=/1500x0/filters:no_upscale():max_bytes(150000):strip_icc()/__opt__aboutcom__coeus__resources__content_migration__serious_eats__seriouseats.com__images__2012__06__20120617-salmon-how-to-pan-roast-09-dd70fcf9e8754d28b9adbefa16f633bb.jpg,0,0,0.02436,0
https://upload.wikimedia.org/wikipedia/commons/thumb/9/9a/Big_Mac_hamburger.jpg/2371px-Big_Mac_hamburger.jpg,0.943,0.376,0.768,1
https://www.cuisinart.com/dw/image/v2/ABAF_PRD/on/demandware.static/-/Sites-us-cuisinart-sfra-Library/default/dw4331453b/images/recipe-Images/the-best-hamburger-recipe.jpg?sw=1200&sh=630,0.845,0.365,0.69912,1
https://icebergdriveinn.com/cdn/shop/articles/The-History-of-the-Hamburger-How-Did-Hamburgers-Come-to-Be.jpg?v=1625680177,0.8026,0.29876,0.71098,1
https://images.pexels.com/photos/1639565/pexels-photo-1639565.jpeg?cs=srgb&dl=pexels-valeriya-1639565.jpg&fm=jpg,0.81,0.4,0.68421,1
https://www.budgetbytes.com/wp-content/uploads/2022/03/Easy-Vegetable-Stir-Fry-V1.jpg,0.001,0.0324,0.7685,0
https://images.themodernproper.com/production/posts/VegetableStirFry_9.jpg?w=960&h=960&q=82&fm=jpg&fit=crop&dm=1703377301&s=e15144c421da08f8800901575d715074,0.512,0.112,0.812,1
https://www.noracooks.com/wp-content/uploads/2023/09/marinated-tofu-5.jpg,0.165,0.15,0.02,0
https://hips.hearstapps.com/hmg-prod/images/homemade-tofu-with-soybean-seed-vegan-food-royalty-free-image-1687372677.jpg,0.1598,0.1211,0.00973,0
https://sharethespice.com/wp-content/uploads/2022/05/Tofu-Featured.jpg,0.11,0,0.013,0
https://t3.ftcdn.net/jpg/06/32/64/06/360_F_632640685_fPuMz6uzbwevw9h6ZL7aGB6AZbekqsw6.jpg,0.6025,0.8,0.013,1
https://www.organizedisland.com/wp-content/uploads/2023/07/Rainbow-Popsicles-Landscape-500x375.jpg,0.61,0.859,0.1,1
https://www.beemaid.com/site/assets/files/1769/ximg_1417.jpg.pagespeed.ic.ghlBU34Ecd.jpg,0.52,0.9,0.2012,1
https://www.cookingclassy.com/wp-content/uploads/2024/05/strawberry-milkshake-4.jpg,0.783,0.976,0.341,1
https://www.sugarandsoul.co/wp-content/uploads/2021/04/chocolate-milkshake-8.jpg,0.7,0.97,0.279,1
https://food.fnr.sndimg.com/content/dam/images/food/fullset/2022/03/28/cookies-and-cream-milkshake.jpg.rend.hgtvcom.1280.1280.85.suffix/1648501387256.webp,0.732,0.945,0.3545,1
https://images.squarespace-cdn.com/content/v1/63b32a71ae92f31b0320b8de/1674002034180-2K14JXLCF7Q13UP68DAA/Hot%2BTamales.jpg,0.54,0.8875,0.345,1
https://www.atwoods.com/globalassets/catalogs/imagefile/5/0/50902192.jpg,0.512,0.8563,0.311,1
https://www.thedinnerbite.com/wp-content/uploads/2020/08/how-to-cook-ground-beef-img-4-360x360.jpg,0,0.001,0.143,0
https://www.ourpaleolife.com/wp-content/uploads/2022/07/Ground-Chuck-1024x538.jpg.webp,0,0,0.2,0
https://images.unsplash.com/photo-1518977676601-b53f82aba655?fm=jpg&q=60&w=3000&ixlib=rb-4.0.3&ixid=M3wxMjA3fDB8MHxzZWFyY2h8Mnx8cG90YXRvfGVufDB8fDB8fHww,0.788,0.56,0,0
https://upload.wikimedia.org/wikipedia/commons/6/67/Potato_potato.jpg,0.767,0.57,0,0
https://cdn.pixabay.com/photo/2016/08/11/08/37/potatoes-1585057_640.jpg,0.69,0.544,0,0
https://nutritionfacts.org/app/uploads/2022/06/Is-It-Better-to-Bake-Boil-or-Steam-Sweet-Potatoes-1200x675.jpg,0.68,0.389,0.3421,0
https://www.allrecipes.com/thmb/0xeWWbF-frAdocYcCJzPBIenhWo=/1500x0/filters:no_upscale():max_bytes(150000):strip_icc()/18249-baked-sweet-potatoes-DDMFS-4x3-ca310a21c01141d3b906da464aa7e27f.jpg,0.645,0.333,0.295,0
https://plus.unsplash.com/premium_photo-1709146097755-f5f9ba107de8?fm=jpg&q=60&w=3000&ixlib=rb-4.0.3&ixid=M3wxMjA3fDB8MHxzZWFyY2h8MXx8ZnJlc2glMjBzZWFmb29kfGVufDB8fDB8fHww,0,0.14,0.673,0
"https://static.wixstatic.com/media/50cfd2_67607cce120748298284c31a9aa1d349~mv2_d_7360_4912_s_4_2.jpg/v1/fill/w_780,h_488,al_c,q_85,usm_0.66_1.00_0.01,enc_avif,quality_auto/50cfd2_67607cce120748298284c31a9aa1d349~mv2_d_7360_4912_s_4_2.jpg",0,0.1011,0.665,0
https://images.squarespace-cdn.com/content/v1/52f291dae4b0bede38b4c9b7/1678461802761-R3C7XFSKTSY785HS7BBS/_Crab+Legs+2500+x+1406.jpg?format=2500w,0,0,0.6013,0
https://images.squarespace-cdn.com/content/v1/609355496ccbe47bf7d8864c/1622840086827-4D1EWZI2TBOX0KQIAYIU/unnamed-1.jpg,0,0,0.62,0
"https://assets.epicurious.com/photos/62829221e0b50db81cfd3259/1:1/w_3894,h_3894,c_limit/BECBurrito_HERO_051222_33926.jpg",0.64,0.12,0.675,1
https://deltaco.com/files/menu/item/thumb_Epic-Queso-Chicken-Burrito.jpg?v=4.050,0.68,0.154,0.7,1
https://i.ytimg.com/vi/krkf7ObsTM4/sddefault.jpg,0.69,0.153,0.721,1
https://assets.epicurious.com/photos/60c8d097fb3029c85117191f/16:9/w_2560%2Cc_limit/Tortillas_HERO_060921_17187.jpg,0.73,0.17,0.7023,1
https://www.seriouseats.com/thmb/Pz5SdD-VxG-LpXEcIXyJh6PN6IM=/1500x0/filters:no_upscale():max_bytes(150000):strip_icc()/__opt__aboutcom__coeus__resources__content_migration__serious_eats__seriouseats.com__2020__10__20201029-northern-mexican-style-tortillas-jillian-atkinson-1-2-d3070b3723b14403a402ec489cf846fb.jpg,0.648,0.2,0.689,0
https://upload.wikimedia.org/wikipedia/commons/thumb/6/66/Gummy_bears.jpg/1024px-Gummy_bears.jpg,0.777,0.83,0.53,1
https://sugargeekshow.com/wp-content/uploads/2020/01/gummy-bears-recipe-fb.jpg,0.74,0.789,0.534,1
https://images.unsplash.com/photo-1582058091505-f87a2e55a40f?fm=jpg&q=60&w=3000&ixlib=rb-4.0.3&ixid=M3wxMjA3fDB8MHxzZWFyY2h8Mnx8Z3VtbXklMjBiZWFyfGVufDB8fDB8fHww,0.8,0.91,0.52,1
https://www.isons.com/wp-content/uploads/2016/10/Darrow.jpg,0,0.58,0,0
https://cdn11.bigcommerce.com/s-qttyo32dlj/images/stencil/original/products/873/2986/pacific_blackberry__70012.1663023603.jpg?c=2,0,0.612,0,0
https://upload.wikimedia.org/wikipedia/commons/thumb/c/cc/Blackberries_%28Rubus_fruticosus%29.jpg/800px-Blackberries_%28Rubus_fruticosus%29.jpg,0,0.67,0,0
https://richmondmagazine.com/downloads/39287/download/Eat%26Drink_Ingredient_Cantaloupe1_GETTYIMAGES_rp0723.jpg?cb=0dbfcf9a1a8e6b9a5c51568ae822b02c&w=1200,0.32,0.411,0.214,0
https://snaped.fns.usda.gov/sites/default/files/seasonal-produce/2018-05/cantaloupe.jpg,0.3014,0.398,0.206,0
https://gardenerspath.com/wp-content/uploads/2020/04/Freshly-Harvested-and-Sliced-Cantaloupe.jpg,0.299,0.45,0.2,0
https://scalar.usc.edu/works/feeding-a-crowd/media/watermelon.jpg,0.23,0.232,0,0
https://www.chhs.colostate.edu/fsi/wp-content/uploads/sites/51/2024/07/stack-of-watermelon-800x0-c-default.jpg,0.2,0.1879,0,0
https://cdn-prod.medicalnewstoday.com/content/images/articles/266/266886/a-juicy-looking-watermelon.jpg,0.199,0.238,0,0
https://st3.depositphotos.com/1020804/13072/i/450/depositphotos_130722450-stock-photo-zucchini-with-slices-and-zucchini.jpg,0.194,0.3,0.313,0
https://static01.nyt.com/images/2021/07/20/dining/lh-pan-seared-zucchini/merlin_190839579_f0034b36-fac8-4d01-b69c-3746c8fe571f-jumbo.jpg,0.21,0.298,0.3,0
https://www.allrecipes.com/thmb/xkybcCdsXKxe46LB9v4e4AV28oo=/1500x0/filters:no_upscale():max_bytes(150000):strip_icc()/AR-zucchini-basket-4x3-e6aba860035443a1b0a885d2d941ef6a.jpg,0.23,0.29,0.291,0
https://static01.nyt.com/images/2024/01/23/multimedia/as-chicken-wings-bjfp/as-chicken-wings-bjfp-superJumbo.jpg,0.3134,0.602,0.785,1
https://www.seriouseats.com/thmb/enKXosffA-Vl-A3YMh9kTVtMu5M=/1500x0/filters:no_upscale():max_bytes(150000):strip_icc()/cajun-chicken-wings-recipe-hero-03_1-e927580737e24730b053c1c99bcd6a29.JPG,0.421,0.656,0.774,1
https://thesuburbansoapbox.com/wp-content/uploads/2022/10/Baked-Buffalo-Wings-6.jpg,0.4,0.67,0.7,1
https://www.allrecipes.com/thmb/_cRZrjnU2IF5njJQAf3Ul8kjsus=/1500x0/filters:no_upscale():max_bytes(150000):strip_icc()/AR-89268-triple-dipped-fried-chicken-beauty-2x1-2ece2beac2344ad68477c9ebd4c1f4d5.jpg,0.389,0.2,0.698,1
https://www.foodandwine.com/thmb/wlqi21PyylKMLXJCMpEuomlhr4E=/1500x0/filters:no_upscale():max_bytes(150000):strip_icc()/indiana-style-fried-chicken-ft-recipe0620-6e63cda36a464c24bd9ada92f780a4c6.jpg,0.421,0.265,0.6791,1
https://cdn.apartmenttherapy.info/image/upload/v1715016464/k/Photo/Recipes/2024-05-chicken-teriyaki-190/chicken-teriyaki-190-171-horizontal.jpg,0.52,0.3,0.49,0
https://www.tamingtwins.com/wp-content/uploads/2023/01/teriyaki-chicken-1.jpg,0.131,0.599,0.5,0
https://www.daringgourmet.com/wp-content/uploads/2021/08/Teriyaki-Chicken-5.jpg,0.57,0.4668,0.7655,1
https://cravinghomecooked.com/wp-content/uploads/2022/09/chow-mein-1-23.jpg.webp,0.67,0.211,0.56,0
https://www.gimmesomeoven.com/wp-content/uploads/2020/11/Chow-Mein-Recipe-9.jpg,0.646,0.38,0.55,0
https://images.unsplash.com/photo-1634864572865-1cf8ff8bd23d?fm=jpg&q=60&w=3000&ixlib=rb-4.0.3&ixid=M3wxMjA3fDB8MHxzZWFyY2h8M3x8Y2hvdyUyMG1laW58ZW58MHx8MHx8fDA%3D,0.7,0.32,0.632,1
https://inquiringchef.com/wp-content/uploads/2022/11/Easy-Miso-Ramen_square-0723.jpg,0.665,0.21,0.642,0
https://i0.wp.com/www.angsarap.net/wp-content/uploads/2022/03/Tonkotsu-Ramen-Wide.jpg?ssl=1,0.61,0.15,0.602,0
https://sudachirecipes.com/wp-content/uploads/2022/09/shoyu-ramen-sq.jpg,0.581,0.221,0.6,0
https://cdn.britannica.com/12/187212-050-F076FE9C/beets-beetroot-table-beet-Root-vegetable.jpg,0,0.687,0,0
https://plantvillage-production-new.s3.amazonaws.com/image/2611/file/default-d7e6680169a704c112681ad47ffb9271.jpg,0,0.643,0,0
https://tribest.com/cdn/shop/articles/Beet-Apple-and-Spinach-Juice.jpg?v=1629237325,0,0.631,0.214,0
https://cdn2.stylecraze.com/wp-content/uploads/2014/07/8-Side-Effects-Of-Drinking-Beetroot-Juice-In-Excess.jpg.webp,0,0.6,0.243,0
https://www.inspiredtaste.net/wp-content/uploads/2024/07/Green-Juice-Recipe.jpg,0.1,0.45,0.114,0
https://i2.wp.com/www.downshiftology.com/wp-content/uploads/2020/08/Green-Juice-5.jpg,0,0.4241,0.013,0
https://www.themediterraneandish.com/wp-content/uploads/2020/02/homemade-green-juice-recipe-5.jpg,0,0.4,0.19,0
https://feelinfabulouswithkayla.com/wp-content/uploads/2024/04/green-juice-3.jpg,0,0.46,0,0
https://img.freepik.com/free-photo/glass-orange-juice-placed-wood_1150-9666.jpg?semt=ais_hybrid,0.64,0.56,0.01,0
https://www.indianhealthyrecipes.com/wp-content/uploads/2021/06/orange-juice.jpg,0.61,0.551,0.0013,0
https://upload.wikimedia.org/wikipedia/commons/thumb/4/43/Ambersweet_oranges.jpg/800px-Ambersweet_oranges.jpg,0.478,0.496,0,0
https://images.all-free-download.com/images/graphiclarge/orange_oranges_200337.jpg,0.49,0.4252,0.001,0
https://upload.wikimedia.org/wikipedia/commons/3/3a/Frozen_yogurt_%281%29.jpg,0.701,0.698,0.32,1
https://www.seriouseats.com/thmb/FutXuXjT0H71cLbsw5VoVICZHxE=/1500x0/filters:no_upscale():max_bytes(150000):strip_icc()/__opt__aboutcom__coeus__resources__content_migration__serious_eats__seriouseats.com__recipes__images__2014__06__20140627-frozen-yogurt-plain-vicky-wasik-6-1dc77d2a35ac419f87a0754813a869e7.jpg,0.732,0.8,0.244,1
https://www.acouplecooks.com/wp-content/uploads/2024/05/Frozen-Yogurt-Recipe-002.jpg,0.82,0.842,0.34,1
https://www.biggerbolderbaking.com/wp-content/uploads/2016/01/IMG_9610.jpg,0.676,0.824,0.376,1
https://www.hipmamasplace.com/wp-content/uploads/2022/06/288643446_1033518794194254_6110410573926536262_n.jpg,0.7133,0.798,0.432,1
https://images.unsplash.com/photo-1498190338361-82055e010b39?fm=jpg&q=60&w=3000&ixlib=rb-4.0.3&ixid=M3wxMjA3fDB8MHxzZWFyY2h8Mnx8ZnJvemVuJTIweW9ndXJ0fGVufDB8fDB8fHww,0.6624,0.7898,0.465,1
https://plus.unsplash.com/premium_photo-1688671923138-ff74e0f9a810?fm=jpg&q=60&w=3000&ixlib=rb-4.0.3&ixid=M3wxMjA3fDB8MHxzZWFyY2h8MXx8Y2hlcnJpZXN8ZW58MHx8MHx8fDA%3D,0.1,0.43,0,0
"https://assets.bonappetit.com/photos/60ef61f34d6cfb72ea6baeec/16:9/w_2992,h_1683,c_limit/Sweet-Sour-Cherries.jpg",0,0.4,0,0
https://www.stemilt.com/wp-content/uploads/2018/11/1417-2-1417-Bowl-of-Cherries-1024x683.jpg,0.001,0.389,0,0
https://www.shutterstock.com/image-photo/pitted-green-black-olives-hojiblanca-600nw-2212231395.jpg,0,0,0.687,0
https://goldengatefoods.org/WebRoot/Store1/Shops/584e46d6-1a0b-4e89-82d5-d5d916ebf8ec/5350/4C74/7F46/D847/A6EC/0A48/3307/638A/California-Ripe-Black-Olives.jpg,0,0,0.656,0
https://i0.wp.com/post.healthline.com/wp-content/uploads/2019/11/medjool-dates-1296x728-header-1296x728.jpg?w=1155&h=1528,0.13,0.563,0,0
https://images.immediate.co.uk/production/volatile/sites/30/2020/02/dates-resized-14ee31f.jpg?resize=700%2C366,0.012,0.5123,0,0
https://www.orgpick.com/cdn/shop/products/Img_4_large_3b3c655b-92de-4e9a-902f-fba6d6e6d50f.jpg?v=1551765334,0.01,0.534,0,0
https://upload.wikimedia.org/wikipedia/commons/thumb/c/c5/Roasted_coffee_beans.jpg/1200px-Roasted_coffee_beans.jpg,0.121,0.012,0.013,0
https://images.unsplash.com/photo-1442550528053-c431ecb55509?fm=jpg&q=60&w=3000&ixlib=rb-4.0.3&ixid=M3wxMjA3fDB8MHxwaG90by1yZWxhdGVkfDM3fHx8ZW58MHx8fHx8,0.111,0.042,0.024,0
https://upload.wikimedia.org/wikipedia/commons/3/3f/Coffee_Beans.jpg,0.024,0,0.0016,0
https://static.vecteezy.com/system/resources/thumbnails/017/669/378/small/granita-slush-a-fruity-chilled-frappe-drink-in-a-plastic-cup-with-a-straw-sweet-refreshing-dessert-photo.jpg,0,0.98,0.214,1
https://idreamoficecream.com/wp-content/uploads/2024/12/Blue-Raspberry-Slush-in-Ninja.jpg.webp,0,0.99,0.3,1
https://images.squarespace-cdn.com/content/v1/621c2800158265311ad9107b/e51b734e-f914-4f44-8a75-d3ae989f3374/Merla-Mae-Slushies.jpg,0,0.99,0.12,1
https://upload.wikimedia.org/wikipedia/commons/thumb/4/40/Ritz_cracker.jpg/640px-Ritz_cracker.jpg,0.7,0.121,0.58,1
https://upload.wikimedia.org/wikipedia/commons/8/87/Graham-Cracker-Stack.jpg,0.742,0.014,0.55,1
https://peartreekitchen.com/wp-content/uploads/2023/08/Fire-Crackers-0987-1.jpg,0.742,0.1,0.675,1
https://www.alyonascooking.com/wp-content/uploads/2020/09/Philly-Cheesesteak-41.jpg,0.676,0.14345,0.84,1
https://www.seriouseats.com/thmb/PGNG2OiJRefsnnGmVKaMoIZ-j0w=/1500x0/filters:no_upscale():max_bytes(150000):strip_icc()/20230530-SEA-PhillyCheesesteak-Amanda-Suarez-hero2-17ca013b9c454283b09fcd7a522b6bcd.jpg,0.72,0.012,0.87,1
https://upload.wikimedia.org/wikipedia/commons/thumb/f/f1/PatsCheesesteak.jpg/800px-PatsCheesesteak.jpg,0.756,0.01,0.8912,1
"https://static.wixstatic.com/media/b733e1_fc9a8b941d4d4df4958c9cc63591a99a~mv2.jpg/v1/crop/x_330,y_168,w_2276,h_1817/fill/w_560,h_446,al_c,q_80,usm_0.66_1.00_0.01,enc_avif,quality_auto/cheese_edited.jpg",0.859,0.211,0.899,1
https://www.crunchycreamysweet.com/wp-content/uploads/2018/07/grilled-chicken-salad-feat.jpg,0.0131,0.013,0.1013,0
https://www.dinneratthezoo.com/wp-content/uploads/2020/12/grilled-chicken-salad-4.jpg,0.0016,0,0.01,0
https://eatthegains.com/wp-content/uploads/2018/08/Buffalo-Chicken-Salad-4-683x1024.jpg,0.01341,0,0.1548,0
https://www.wellplated.com/wp-content/uploads/2018/01/Pressure-Cooker-Mexican-Chicken.jpg,0.5636,0.013,0.5,0
https://www.thecookierookie.com/wp-content/uploads/2024/04/featured-crispy-chicken-tacos-recipe.jpg,0.521,0.13,0.678,1
https://i2.wp.com/www.downshiftology.com/wp-content/uploads/2018/04/Carne-Asada-Tacos-main-3.jpg,0.4989,0.0141,0.3877,0
https://images.unsplash.com/photo-1546964124-0cce460f38ef?fm=jpg&q=60&w=3000&ixlib=rb-4.0.3&ixid=M3wxMjA3fDB8MHxzZWFyY2h8Nnx8c3RlYWt8ZW58MHx8MHx8fDA%3D,0,0,0.675,0
https://cdn.pixabay.com/photo/2017/03/23/19/57/asparagus-2169305_640.jpg,0.013,0,0.64,0
https://www.halfnuts.net/cdn/shop/products/reeses_pieces.jpg?v=1547508529,0.1,0.7664,0.358,1
https://cdn11.bigcommerce.com/s-gz7xj5ze24/images/stencil/500x659/products/1430/2006/blue-m-m-s-candy-1-pound-bag-2__14239.1595359704.1280.1280__03391.1615449793.jpg?c=1,0.003,0.798,0.2,1
https://www.gumball-machine.com/cdn/shop/products/plain-mms-bulk-candy_176_600x.jpg,0.0245,0.823,0.3141,1
https://cdn.pixabay.com/photo/2023/07/11/12/41/ginger-8120491_640.jpg,0.0013,0.00014,0.024,0
https://upload.wikimedia.org/wikipedia/commons/a/a2/English_Walnuts.jpg,0.006,0.0002,0,0
https://nuts.com/images/ct/images.cdn.us-central1.gcp.commercetools.com/fe6ef66f-361c-4adb-b11f-d4aa8f13c79c/3100_OrganicWalnuts%28-0raJYk_u-large.jpg,0.0023,0.00001,0,0
https://www.plantily.com/wp-content/uploads/2016/02/chocolate-smoothie-bowl-7.jpg,0.34445,0.8942,0.442,1
https://upload.wikimedia.org/wikipedia/commons/c/c0/Mango_%281%29.jpg,0.0133,0.544,0.102,0
https://www.connoisseurusveg.com/wp-content/uploads/2022/05/choose-mango-sq.jpg,0.0112,0.5487,0.09,0
https://cakebycourtney.com/wp-content/uploads/2024/08/IMG_7503-scaled.jpg,0.53,0.9013,0.753,1
https://ohsweetbasil.com/wp-content/uploads/homemade-oreos-recipe-14.jpg,0.5324,0.899145,0.73869,1
https://static.vecteezy.com/system/resources/thumbnails/024/851/523/small/lime-slice-fruit-pattern-copy-space-background-generative-ai-photo.jpg,0.214,0.265,0,0